Item,Category,Vendor,U/M
Taralli Fennel seed Crackers,Cracker,ACE Endico,15/10.58oz
Manchego Cheese Wedges,Cheese,ACE Endico,6/105g
Pecorino Ramano Cheese wedges,Cheese,ACE Endico,1/7oz
Kraft Singles,Cheese,ACE Endico,12/12oz
Green Valley Coconut Water,Coconut Water,ACE Endico,1/33.8oz
Napoletano Nespresso Capsule,Coffee,ACE Endico,10/cs
8x6 38oz Black Micro Containers,Containers,ACE Endico,150/cs
Luxardo Maraschino Cherries,Cherries,ACE Endico,400g /ea
Mortadella,Deli Meat,ACE Endico,12/3oz
Caputo GF Flour,Flour,ACE Endico,
Caputo 00 Chef's Flour,Flour,ACE Endico,
Raw Yuca,Frozen,ACE Endico,6/5lb
Regatta Ginger beer,Ginger Beer,ACE Endico,24/8oz
Don pepino pizza sauce,Pizza sauce,ACE Endico,12/15oz
"Pizza Box 12"" Brown corrogated",Pizza Box,ACE Endico,50 bx/cs
Iceberg Lettuce,Produce,ACE Endico,
Gochujang Chili Paste,Seasoning,ACE Endico,12 jar/cs
"10"" Bamboo Skewers",Skewers,ACE Endico,20/100 ct
Coke Classic,Soda,ACE Endico,24/cs
Diet Coke,Soda,ACE Endico,24/cs
Sprite,Soda,ACE Endico,24/cs
Dr. Pepper,Soda,ACE Endico,12/cs
Perrier Glass Bottles,Water,ACE Endico,24/cs
Shishito Peppers,Peppers,ACE Endico,5lb
"Edge Shave Gel,Sensitive, Trial size",Shaving,Amazon,Ea.
Fruit of the Earth Aloe Vera,Aloe Gel,Amerisource,EA
"Nivea Men After Shave, Sensitive",Balm,Amerisource,EA
Aveeno skin Relief Frag-Free Body wash,Body Wash,Amerisource,Ea
"Speed Stick,A/P ",Deodorant,Amerisource,Ea.
"Speed Stick,Regular",Deodorant,Amerisource,Ea.
"Dove Invisable Clear, Sensitive",Deodorant,Amerisource,Ea.
"Lady speed Stick, Powder Fresh",Deodorant,Amerisource,Ea.
"Crystal Deodorant, Roll On",Deodorant,Amerisource,Ea
L'Oreal Studio Gel,Hair Gel,Amerisource,Ea
Cremo Thickening Paste,Hair Care,Amerisource,Ea
TRESemme Tres Two Extra Hold Hair Spray 11oz,Hair Care,Amerisource,Ea
Cetaphil Eczema Soothing Moisturizer ,Lotion,Amerisource,Ea
Vaseline Intensive Care,Lotion,Amerisource,Ea
"Act Anticavity Alcohl Free, mint",Mouthwash ,Amerisource,Ea.
"Act Anticavity Alcohl Free, Cinnamon",Mouthwash ,Amerisource,Ea.
"Listerine Cool Mint, Trial Size",Mouthwash ,Amerisource,Ea.
Revlon Nail Clippers,Nail Clippers,Amerisource,Ea.
"Gillette Mach 3 Refills, 10ct",Razors,Amerisource,Ea.
Gillette Mach 3 1-up Razor,Razors,Amerisource,Ea.
Gillette Venus Disposable Razor,Razors,Amerisource,Ea.
Off Family Insect Repellant Spray,Repellent,Amerisource,Ea
Cetaphil Gentile Skin Cleanser,Skin Cleanser,Amerisource,Ea
Suave Shampoo Almond Shea,Shampoo,Amerisource,Ea.
Head & Shoulders Classic Clean,Shampoo,Amerisource,Ea.
"Edge Ultra Shave Gel,Sensitive",Shaving,Amerisource,Ea.
"Skintimate Shave gel, Sensitive",Shaving,Amerisource,Ea.
Coppertone Sport waterproof Spray,Sunscreen,Amerisource,Ea
"Colgate Total Paste, Clean Mint",Toothpaste,Amerisource,24/Cs
Sensodyne ProEnamel Paste,Toothpaste,Amerisource,Ea.
"Aim Cavity Protection,  Mint Gel",Toothpaste,Amerisource,Ea.
"Crest Cavity Protection, Travel Size",Toothpaste,Amerisource,EA
Wet Ones Antibacterial Wipes Citrus,Towels,Amerisource,Ea
Vaporub Jar,Vaporub,Amerisource,Ea.
Artichoke Hearts (Brine),Artichoke,Atlantic,24/14
Pizzelle:Vanilla ,Cookies,Atlantic,12/8
"Lavazza Ground Espresso Crema,",Coffee,Atlantic,12/8.8
Asiago Wedge (Belgio),Cheese,Atlantic,16/10
Parmesan Wedge,Cheese,Atlantic,6/10
Jalapeno jack,Cheese,Atlantic,12/8
Ricotta (Cora),Cheese,Atlantic,12/15
Mascarpone Cheese Tub,Cheese,Atlantic,12/1
Mozzarella Balls (Vacuum Pk),Cheese,Atlantic,12/8
Prosciutto,Deli Meat,Atlantic,12/3
Capicollo: Hot,Deli Meat,Atlantic,12/4
Anchovies: Flat in Olive oil,"Fish, Jar",Atlantic,12/2
Garlic in Water,Garlic,Atlantic,12/8
Bay Leaves,Herbs/Spices,Atlantic,12/.3
Capellini D’Angelo #19,Pasta,Atlantic,20/16
Shells #24,Pasta,Atlantic,20/16
Linguine #2,Pasta,Atlantic,20/16
Penne Zita Rigate  #14 *,Pasta,Atlantic,20/16
Cora Gnocchi,Pasta,Atlantic,12/17.05
Roasted Red Peppers,Peppers,Atlantic,12/9
Cora Sun Dried Tomatoes,Tomatoes ,Atlantic,12/10
"Water, Spring Alder Creek",Water,Atlantic,24/cs
Ibarra Hot Chocolate,Chocolate,Best Mexican,12/19oz
Yellow Tortilla Chip,Chips,Best Mexican,5/1.5
Yellow Tortilla Chip- Low Sodium,Chips,Best Mexican,5/1.5
Cholula Salsa,Hot Sauce,Best Mexican,4oz
Tapatio Hot Sauce,Hot Sauce,Best Mexican,24/5
Habanero Sauce : Green,Hot Sauce,Best Mexican,4oz
Valentina Hot sauce,Hot Sauce,Best Mexican,24/12oz
Tajin Seasoning,Spice,Best Mexican,12/14oz
"Chorizo, Soft Pork",Meat,Best Mexican,12/12oz
La Moreno Chipotle Pepper in Adobo sauce ,Peppers,Best Mexican,12/7oz
La Moreno Whole Jalapeno peppers ,Peppers,Best Mexican,12/13.1
"Tamale, Chicken",Tamale,Best Mexican,4/pk/12
Empanada Dough Discs,Frozen Dough,Best Mexican,24/10
Tostadas,Tostada,Best Mexican,15/30 CT
Lysol Neutra Air Linen Sent,Air Freshner,Bozzutos,12/12oz
IGA Natural Apple Sauce,Apple Sauce,Bozzutos,12/25
IGA Apple Sauce 6pk,Apple Sauce,Bozzutos,12/24
Hormel Real Bacon Bits,Bacon,Bozzutos,12/3
Reusable Shopping Bags,Bags,Bozzutos,100 ct
Arm & Hammer Baking Soda,Baking Soda,Bozzutos,24/16
Rumford Baking Powder,Baking Powder,Bozzutos,12/12 oz
Bush Baked Beans Country Style,"Beans, Canned",Bozzutos,12/16
Hormel Chili Hot With Beans ,"Beans, Canned",Bozzutos,12/15
Heinz Beans with Tomato Sauce,"Beans, Canned",Bozzutos,12/13.7
OEP Refried Beans Traditional,"Beans, Canned",Bozzutos,12/16
OEP Fat Free Refried Beans,"Beans, Canned",Bozzutos,12/16
Sticky Fingers BBQ Sauce,BBQ Sauce,Bozzutos,6/18oz
Sweet Baby Ray's BBQ,BBQ Sauce,Bozzutos,12/18
Simply Done Paper Bowl 20 oz 24 count,Bowls,Bozzutos,
Ghiradelli Double Chocolate  Brownie Mix,Brownie Mix,Bozzutos,12/18 oz
King Arthur Gluten Free Brownie Mix,Brownie Mix,Bozzutos,6/17
Bisquick Biscuit Mix-GF,Biscuit Mix,Bozzutos,12/20oz
Pacific Organic Chicken Bone Broth,Broth,Bozzutos,12/32
Seven Farms Organic Beef Broth,Broth,Bozzutos,12/32oz
Schar Gluten Free Multigrain Bread,Bread,Bozzutos,6/14.1
Progresso Plain Bread Crumbs,Bread Crumbs,Bozzutos,15/12oz
4C GF Plain Bread Crumbs,Bread Crumbs,Bozzutos,6/12oz
Hershey's Milk Chocolate Bar,Candy,Bozzutos,36/1.5 oz
Hershey's Almond Bars,Candy,Bozzutos,36/1.45oz
Cadbury Candy Bar Milk Choc,Candy,Bozzutos,14/3.5 oz
Snickers  Candy bar,Candy,Bozzutos,48/cs
Reese's Cups,Candy,Bozzutos,36/cs
Black Forest Organic Bears,Candy,Bozzutos,12/cs
Caramel Squares,Candy,Bozzutos,12/14
Duncan Hines Dark Chocolate Cake,Cake Mix,Bozzutos,12/25 oz
Duncan Hines Butter Golden Cake,Cake Mix,Bozzutos,12/25 oz
Reese Non Pareil Capers,Capers,Bozzutos,12/3.5
Cascadian Farms Oat and Honey Granola,Cereal,Bozzutos,10/17oz
Bob's Apple Blueberry Granola,Cereal,Bozzutos,4/12oz
Bob's GF Honey Oat Granola,Cereal,Bozzutos,4/12
Bob's GF Muesli,Cereal,Bozzutos,4/16
Honey Graham Oh’s,Cereal,Bozzutos,12/10.8
"General Mills, Honey Nut Chex",Cereal,Bozzutos,6/cs
"General Mills, Cinnamon Toast Crunch",Cereal,Bozzutos,12/14
Post Grape Nuts,Cereal,Bozzutos,12/24
Quaker Cinnamon Life,Cereal,Bozzutos,12/13
Reese's Peanut Butter Puffs Cereal,Cereal,Bozzutos,12/11
Honey Bunches Of Oats Strawberries,Cereal,Bozzutos,12/10
IGA Rice Krispies,Cereal,Bozzutos,12/13
"Swiss Miss,  With Mini Marshmallow", Cocoa,Bozzutos,12/9.6
"Swiss Miss, Milk Chocolate", Cocoa,Bozzutos,12/10
"Ghiradelli's Cocoa, unsweetened",Cocoa,Bozzutos,6/8 oz
Food Club Baking Cocoa,Cocoa,Bozzutos,12/8 oz
Full Circle Organic Coconut Flakes,Coconut,Bozzutos,6/8 oz
Bob's Corn Meal,Cornmeal,Bozzutos,4/24oz
Argo Cornstarch,Corn Starch,Bozzutos,
Annas Thins Gingerbread,Cookies,Bozzutos,12/5.25
Crav'n Flavor Vanilla Sandwich Crème Cookies,Cookies,Bozzutos,12/14.3 oz
Nonni's Biscotti  Cranberry/Almond,Cookies,Bozzutos,12/6.88
Nonni's Biscotti ,Cookies,Bozzutos,12/7
Tate's GF  Chocolate Chip Cookies,Cookies,Bozzutos,12/7
Schar GF Cocoa wafer,Cookies,Bozzutos,12/4.4
Walkers Shortbread Fingers,Cookies,Bozzutos,12/5.3
"Twix, Caramel",Cookies,Bozzutos,12/8.9oz
Goya Maria Cookies,Cookies,Bozzutos,24/7oz
Loacker Hazelnut Wafer Cookies,Cookies,Bozzutos,6/8.2
Loacker Vanilla Wafer Cookies,Cookies,Bozzutos,6/8.3
Loacker Chocolate Wafer Cookies,Cookies,Bozzutos,6/8.4
Mcvitie's Milk Chocolate Digestive,Cookies,Bozzutos,12/10.5
McVitie's Milk Chocolate Hob Nub,Cookies,Bozzutos,12/10.5
Bob's  Chocolate Chip Cookie Mix -GF,Cookie Mix,Bozzutos,22oz
Café Bustelo (Can),Coffee,Bozzutos,12/10
Chock Full of Nuts Colombian Ground,Coffee,Bozzutos,12/11
Starbucks Verona Ground,Coffee,Bozzutos,6/12
Starbucks Colombian Grd,Coffee,Bozzutos,6/12
Starbucks Brkfst Bld. Grd.,Coffee,Bozzutos,6/12
Starbucks  whole beans: House Blend,Coffee,Bozzutos,6/12
Starbucks Sumatra,Coffee,Bozzutos,6/12
Starbucks K Cup- Pike's Place Blend,Coffee,Bozzutos,6/10ct
"Vermont Coffee, Whole Bean Decaff",Coffee,Bozzutos,7/8oz
Vermont  Organic Whole Beans,Coffee,Bozzutos,5/16oz
"San Francisco Bay,French Roast -K Cups",Coffee,Bozzutos,6/12ct
Mltta # 4 Cone Filters,Coffee Filters,Bozzutos,24/40ct
Life Goods  Filter Baskets,Coffee Filters,Bozzutos,24/200
"Halls, Menthol",Cough drops,Bozzutos,12/30
"Halls, Honey Lemon",Cough drops,Bozzutos,12/30
"Halls, Sugar Free Mountain Menthol",Cough drops,Bozzutos,12/20
Dove Dark Chocolate Bar,Chocolate,Bozzutos,18/1.3
Lindor Truffles Assorted,Chocolate,Bozzutos,12/7.2
Lindt  Dark ChocolateTruffles ,Chocolate,Bozzutos,6/5.1oz
"Ritter Sports,Dark Chocolate W/Hazelnuts",Chocolate,Bozzutos,
Lindt 95% Dark Chocolate Bar,Chocolate,Bozzutos,
Green & Black Org. Milk Chocolate ,Chocolate,Bozzutos,
IGA Real Chocolate Chips,Chocolate Chips,Bozzutos,24/12
Ghiradelli Milk Chocolate Chips,Chocolate Chips,Bozzutos,12/11 oz
Ghiradelli 60% Cacao Chocolate Chips,Chocolate Chips,Bozzutos,12/10
Nestle White Chocolate Chips,Chocolate Chips,Bozzutos,12/12 oz
Enjoy Life Mini choc chips,Chocolate Chips,Bozzutos,12/10oz
Reese's PB Chips,Chocolate Chips,Bozzutos,12/10
Baker's Unsweetened Chocolate,"Chocolate, Baking",Bozzutos,12/8 oz
Terra Original,Chips,Bozzutos,12/6.8
Terra Sweets & Beets,Chips,Bozzutos,12/6
Tropical Plantain Chips,Chips,Bozzutos,24/3.5
Riceworks Sea Salt Chips,Chips,Bozzutos,6/5.5
Stacy's Simply Nacked  Pita Chips  ,Chips,Bozzutos,12/7.33
Stacy's Toasted Garlic Bagel Chips  ,Chips,Bozzutos,12/7oz
Daily Crave Himalayan Pink Salt Lentil Chips,Chips,Bozzutos,8/4.25oz
Bare Fuji  & Red Apple Chips,Chips,Bozzutos,12/3.4
Dot's Pretzels Original seasoned,Chips,Bozzutos,12/7.2oz
Glutino GF Pretzel Twists,Chips,Bozzutos,12/8
Harvest Snap Snapea Crisps,Chips,Bozzutos,12/3.3
"Pringles, BBQ",Chips,Bozzutos,14/6
"Pringles, Cheddar Cheese",Chips,Bozzutos,14/6
"Pringles, Original ",Chips,Bozzutos,14/cs
"Pringles, Sour Cream & Onion",Chips,Bozzutos,14/6
Kingsford Matchlight,Charcoal,Bozzutos,6/8lbs 
"Dr.Schar GF , Wheat Free Honey Grams Crackers",Cracker,Bozzutos,12/7oz
Crav'n Saltines,Cracker,Bozzutos,12/16
Cheese-Itz,Cracker,Bozzutos,6/
"Brenton Crackers, herb & Garlic GF",Cracker,Bozzutos,6/4.76
Carrs Whole Wheat Crackers,Cracker,Bozzutos,12/7oz
Carr's  Roasted Garlic & Herb,Cracker,Bozzutos,12/4.25
Carr's Sesame,Cracker,Bozzutos,
"KA-ME Rice Crackers, Plain",Cracker,Bozzutos,12/3.5
"Blue Diamond Nut Thin ,Pecan",Cracker,Bozzutos,12/4.25
"Blue Diamond,Almond  Nut Thins/Salt",Cracker,Bozzutos,12/4.25
Blue Diamond Smoke House Nut Thins,Cracker,Bozzutos,12/4.25
Crunchmaster Multi Seed Original ,Cracker,Bozzutos,
Dr Schar GF Crackers,Cracker,Bozzutos,5/6.2 oz
Coco Lopez Coconut Cream,Cream,Bozzutos,24/15
Full Circle Coconut Milk,Coconut Milk,Bozzutos, 12 can/cs
Chinet Plastic Cups 9oz,Cups,Bozzutos,7/50ct
Simply Done Red Party cups 30 ct,Cups,Bozzutos,12/20
Thai Kitchen Green Curry Paste,Curry,Bozzutos,6/4
Thai Kitchen Red Curry Paste,Curry,Bozzutos,6/4
CASCADE DISH : ACTION PACS ,Detergent,Bozzutos,5/13.5oz
Tide Pods 3 in 1 16 ct,Detergent,Bozzutos,6/14 oz
Dole Dates,Dried Fruit,Bozzutos,12/8oz
Marinelli Dried Mango,Dried Fruit,Bozzutos,12/4
Adirondack Ginger Ale- Cans,Drinks,Bozzutos,24/12oz
IGA Pure Vanilla,Extracts,Bozzutos,12/1 oz
IGA Imitation Vanilla,Extracts,Bozzutos,12/8 oz
Mccormick Pure Almond Extract,Extracts,Bozzutos,6/2oz
Mccormick Pure lemon Extract,Extracts,Bozzutos,6/2oz
Snuggles Fabric Softner Sheets,Fabric Softner,Bozzutos,12/40ct
Bob's Flaxseed,Flaxseed,Bozzutos,16 oz
Bob's Flaxseed Meal,Flaxseed Meal,Bozzutos,4/5.40oz
Bob's Almond Flour,Flour,Bozzutos,4/16oz
Bob's Red MillsTapioca Flour,Flour,Bozzutos,4/cs
Bob's Red Mills Organic Coconut Flour,Flour,Bozzutos,12/16
Maseca: Corn Flour,Flour,Bozzutos,10/4.4lb
King Arthur Organic Bread Flour,Flour,Bozzutos,12/2lb
King Arthur Cake Flour,Flour,Bozzutos,6/32
Snow's Chopped Clams,"Fish, Canned",Bozzutos,12/6
Brunswick Sardines in EVOO,"Fish, Canned",Bozzutos,12/4
Bumblebee Crabmeat Lump,"Fish,Canned",Bozzutos,12/6oz
"Del Monte Slices Peaches, Lite","Fruit, Canned",Bozzutos,24/15
Dole Pineapple Crushed,"Fruit, Canned",Bozzutos,12/20oz
Dole Pineapple Chunks,"Fruit, Canned",Bozzutos,12/20oz
Dole Pinapple Slices,"Fruit, Canned",Bozzutos,12/20oz
Farmers Market Canned Pumpkin,"Fruit, Canned",Bozzutos,12/15
Knox Gelatin Unflavored,Gelatin,Bozzutos,12/1 oz
Sushi Ginger,Ginger,Bozzutos,6/cs
Bob's Chia Seeds,Grain,Bozzutos,5/12oz
Larabar Apple Pie,Granola Bars,Bozzutos,16/1.7oz
Larabar Chocolate Chips Cookie Dough,Granola Bars,Bozzutos,16/1.7oz
Larabar Peanut Butter Cookie,Granola Bars,Bozzutos,16/1.7oz
Clif Luna GF Lemon Zest,Granola Bars,Bozzutos,15/1.69
Cliff Builder's Chocolate Mint,Granola Bars,Bozzutos,12/2.4 oz
Cliff White Chocolate Macadamia Bar,Granola Bars,Bozzutos,12/2.4 oz
CLIF BAR CHOCOLATE CHIP BAR,Granola Bars,Bozzutos,12/2.4 oz
CLIF BUILDER'S CHOCOLATE PROTEIN BAR,Granola Bars,Bozzutos,12/2.4 oz
Cliff Builders Peanut Butter,Granola Bars,Bozzutos,12/2.4 oz
Bob's GF Peanut Butter /Coconut Oat,Granola Bars,Bozzutos,12/cs
Bob's GF Peanut Butter/Chocolate Oat,Granola Bars,Bozzutos,12/cs
Kind Almond Coconut,Granola Bars,Bozzutos,
Kind Pom.Blue.Pistachio Bar,Granola Bars,Bozzutos,
Kind Caramel & Almond Sea Salt,Granola Bars,Bozzutos,
Kind Dark Choc.Cherry Cashew,Granola Bars,Bozzutos,
"Nature's Valley, Oat W/Dark Chocolate",Granola Bars,Bozzutos,12/8.9oz
"Nature's Valley, Oat & Honey",Granola Bars,Bozzutos,12/8.9
"Nature's Valley, Sweet & Salty, Peanut",Granola Bars,Bozzutos,12/7.4
"Nature's Valley, Protein-Salted Carmel",Granola Bars,Bozzutos,12/8.9
"Nature'sValley,Protein-Peanut/Almond/D,Choc.",Granola Bars,Bozzutos,12/7.4
Think Thin Peanut Butter Bar,Granola Bars,Bozzutos,
Think Thin Chocolate Fudge,Granola Bars,Bozzutos,
"Quaker, Chewy Chocolate Chip",Granola Bars,Bozzutos,12/6.2oz
Made Good Organic Granola Minis Strawberry,Granola ,Bozzutos,6/4.25
"Orbits, Sweetmint Sugar free",Gum,Bozzutos,12/14ct
"Trident, Spearmint Gum Pocket",Gum,Bozzutos,20/54
Trident Original GumPacket Pack,Gum,Bozzutos,20/54
McCormick Pepper Grinder,Herbs/Spices,Bozzutos,6/1oz
McCormick Sea Salt Grinder,Herbs/Spices,Bozzutos,6/2.1
McCormick  Ground Allspice,Herbs/Spices,Bozzutos,6/.9
McCormick White Pepper,Herbs/Spices,Bozzutos,6/1oz
McCormick Cinnamon Sticks,Herbs/Spices,Bozzutos,3/.75
Morton & Bassett Cajun Seasoning,Herbs/Spices,Bozzutos,3/1.7
McCormick Coriander,Herbs/Spices,Bozzutos,3/1.25
McCormick Cilantro,Herbs/Spices,Bozzutos,6/.5
McCormick Curry Powder,Herbs/Spices,Bozzutos,6/1.75
McCormick Dill Weed,Herbs/Spices,Bozzutos,6/.3
McCormick Ground Ginger,Herbs/Spices,Bozzutos,6/1.5
McCormick Nutmeg,Herbs/Spices,Bozzutos,6/1.1
McCormick Tumeric,Herbs/Spices,Bozzutos,3/1.37
McCormick Organic Thyme,Herbs/Spices,Bozzutos,6/.6
McCornick Cream of Tartar,Herbs/Spices,Bozzutos,1.5oz
McCormick Whole Cloves,Herbs/Spices,Bozzutos,.62oz
McCormick Smoked paprika,Herbs/Spices,Bozzutos,6/1.75oz
McCormick Montreal Steak seasoning,Herbs/Spices,Bozzutos,6/3.4oz
McCormick Montreal chicken seasoning,Herbs/Spices,Bozzutos,6/3.4oz
McCormick Cayenne Pepper,Herbs/Spices,Bozzutos,6/1.7
McCormick Ground Cinnamon Organic,Herbs/Spices,Bozzutos,3/1.25
McCormick Organic Rosemary,Herbs/Spices,Bozzutos,6/.7
McCormick Grill Mates BBQ Rub,Herbs/Spices,Bozzutos,6/6oz
Lawry's Seasoning Salt,Herbs/Spices,Bozzutos,12/8
Goya Adobo seasoning,Herbs/Spices,Bozzutos,24
Old Bay seasoning,Herbs/Spices,Bozzutos,8
"IGA Honey, Squeeze Bear",Honey,Bozzutos,12/12
Mannings Hominy,Hominy Corn,Bozzutos,12/29
Tabasco Red Sauce,Hot Sauce,Bozzutos,12/5
Tabasco Chipotle Sauce,Hot Sauce,Bozzutos,12/5
Arizona Sweet Iced Tea,Ice Tea,Bozzutos,12/16
Arizona Tea Lemon,Ice Tea,Bozzutos,12/16
Arizona Tea Green,Iced Tea,Bozzutos,12/16
"Arizona Tea ,Half & Half- Arnold Palmer",Iced Tea,Bozzutos,6/59oz
Bonne Maman Orange Marmalade,Jam/Jelly,Bozzutos,6/13
Braswell Fig Preserve,Jam/Jelly,Bozzutos,6/11oz
Braswell Pepper jelly-Hot Jalapeno,Jam/Jelly,Bozzutos,6/10oz
Jack's Links Original Beef Jerky,Jerky,Bozzutos,3-Jun
"V8 Splash, Berry Blend","Juice, Fruit",Bozzutos,8/64
Real Lime Juice,"Juice, Fruit",Bozzutos,12/8
Real Lemon Juice,"Juice, Fruit",Bozzutos,12/15oz
OKF Aloe W/Mango Juice,"Juice, Fruit",Bozzutos,20/16.9
Full Circle Apple Juice,"Juice, Fruit",Bozzutos,8/64
A&E 8pk Apple Juice,"Juice, Fruit",Bozzutos,5/54
Apple'n Eve Rasp/Cranberry,"Juice, Fruit",Bozzutos,8/64
Apple'n Eve Naturally Cranberry,"Juice, Fruit",Bozzutos,8/48
Food Club White Grape Juice,"Juice, Fruit",Bozzutos,8/64
Food Club Cranberry Juice,"Juice, Fruit",Bozzutos,8/64
Dole  Pineapple Juice - 6 oz,"Juice, Fruit",Bozzutos,48/6
knudsen Blueberry Pomegranate,"Juice, Fruit",Bozzutos,6/32
Knudsen Organic Beet juice,"Juice, Fruit",Bozzutos,6/32
Knudsen Tart Cherry,"Juice, Fruit",Bozzutos,6/32
Knudsen Pure Cranberry,"Juice, Fruit",Bozzutos,6/32
Knudsen Pomegranate,"Juice, Fruit",Bozzutos,6/32
Ocean Spray White Grapefruit Juice,"Juice, Fruit",Bozzutos,8/64
Ocean Spray Cranberry Juice W/Lime,"Juice, Fruit",Bozzutos,8/64
Ocean Spray Ruby Red Grapefruit,"Juice, Fruit",Bozzutos,8/64
"Pom, Pomagranate Juice","Juice, Fruit",Bozzutos,8/8oz
"Pom, Pomagranate Juice- Large","Juice, Fruit",Bozzutos,6/24oz
Martinellis Sparkling Apple Cider,"Juice, Fruit",Bozzutos,12/25
Martinelli's Sparkling Apple Grape,"Juice, Fruit",Bozzutos,12/25.4
Sunsweet Prune Juice,"Juice, Fruit",Bozzutos,12/32
San Pellegrino Sparkling- Grapefruit,"Juice, Fruit",Bozzutos,24/11.15
San Pellegrino Sparkling- Blood Orange,"Juice, Fruit",Bozzutos,24/11.15
San Pellegrino Sparkling- Limonata,"Juice, Fruit",Bozzutos,24/11.15
San Pellegrino Sparkling- Pomegranate,"Juice, Fruit",Bozzutos,24/11.15
Kedem Concord Grape,"Juice, Fruit",Bozzutos,12/22
"V-8, Vegatable Juice","Juice, Vegi",Bozzutos,12/46
Bragg's Liquid Aminos,Liquid Aminos,Bozzutos,12/16
Stubb's Liquid Smoke Hickory,Liquid Smoke,Bozzutos,12/5
Chosen Foods Vegan Mayo,Mayonnaise,Bozzutos,6/12
Just mayo Original,Mayonnaise,Bozzutos,12/15
IGA Marshmallows (Large),Marshmallow,Bozzutos,24/10
IGA Marshmallows (Small),Marshmallow,Bozzutos,24/10
Diamond Strike on Box Matches,Matches,Bozzutos,24/320ct
Libby's Corned Beef,Meat/canned,Bozzutos,24/12 oz
"Altoids, Peppermint, Small, ",Mints,Bozzutos,9/.37
"Altoids, Wintergreen, Small,",Mints,Bozzutos,9/.37
"Altoids, Peppermint, ",Mints,Bozzutos,12
"Altoids, Wintergreen, ",Mints,Bozzutos,12
Carnation Evaporated Milk,Milk,Bozzutos,24/12
IGA Sweetened Condensed Milk,Milk,Bozzutos,24/14
Paper Chef Large Muffin Cup,Muffin Cup,Bozzutos,12/cs ct
Grey Poupon Squeeze,Mustard,Bozzutos,12/9
Woeber's Whole Grain Mustard,Mustard,Bozzutos,6/4.25
Simply Done White napkins 12/cs 500 count,Napkins,Bozzutos,12 pks
Top Ramen Chicken,Noodles,Bozzutos,24/3
Taste Of Thai Rice Noodles,Noodles,Bozzutos,6/16
Taste Of Thai Thin Rice Noodles,Noodles,Bozzutos,6/16
Sahale Maple Pecan Glazed Mix,Nuts,Bozzutos,9/1.5oz
Blue Diamond Bold Habanero BBQ,Nuts,Bozzutos,12/6
"BD Almonds,Wasabi & Soy",Nuts,Bozzutos,12/6
Planters Cocktail Peanuts,Nuts,Bozzutos,12/12
Planters Dry Peanuts No Salt,Nuts,Bozzutos,12/16
IGA Dry Roasted Peanuts,Nuts,Bozzutos,12/16
Bob's Shelled Pumpkin Seeds,Nuts,Bozzutos,4/12oz
CS Sunflower Seeds,Nuts,Bozzutos,6/10oz
IGA Mixed Nuts,Nuts,Bozzutos,12/12
Creative Snacks Heart Smart Trail Mix,Nuts,Bozzutos,16/3.5
Emerald  Roasted Whole Cashew,Nuts,Bozzutos,6/5oz
Creative Snacks NO SALT Cashews,Nuts,Bozzutos,6/9oz
Creative Snacks Chocolate Raisins,Nuts,Bozzutos,6/9oz
Creative Snacks Dark Chocolate Almonds,Nuts,Bozzutos,6/9oz
Creative Snacks Sweet Trail Mix,Nuts,Bozzutos,6/9oz
"Creative Snacks,Lemon Bluberry Drizzle",Nuts,Bozzutos,6/10oz
"Wanderful Pistachios,Roasted Salted",Nuts,Bozzutos,25/6.25
Once Again Creamy Almond Butter,Nut Butter,Bozzutos,12/16
Once Again Cashew Butter,Nut Butter,Bozzutos,6/10oz
"Bob's Red Mills,  Rolled Oat- Organic",Oatmeal,Bozzutos,4/16
IGA Canola Oil,Oil,Bozzutos,12/32
IGA Canola Cooking Spray,Oil,Bozzutos,12/6
Chosen Foods Pure Avocado Oil,Oil,Bozzutos,6/16.9
Chosen Foods Organic Blend Oil,Oil,Bozzutos,6/16.9oz
Spectrum Org. Sunflower Oil,Oil,Bozzutos,12/16
Full Circle Coconut Oil,Oil,Bozzutos,6/14 oz
IGA Manzanillo Stuffed Olives,Olives,Bozzutos,12/5
"Musco Black Olives ""Sliced""",Olives,Bozzutos,12/2oz
Mezzeta Olives Stuffed W/Jalapeno ,Olives,Bozzutos,6/7oz
Vertullo Greek Kalamata olives ,Olives,Bozzutos,12/7oz
Pearls Olives Stuffed W/Garlic,Olives,Bozzutos,6/12oz
Kodiak Buttermilk Pancake mix,Pancake/ waffle Mix,Bozzutos,6/20 oz
Bounty Paper Towels Double Plus,Paper Towels,Bozzutos,6/cs
Ronzoni Elbow Macaroni,Pasta,Bozzutos,20/16oz
Red Lentil Pasta,Pasta,Bozzutos,
Bionature Organic GF Penne Rigate,Pasta,Bozzutos,12/12oz
Bertolli Creamy Alfredo sauce,Pasta Sauce,Bozzutos,12/26 oz
Bertolli Vodka sauce,Pasta Sauce,Bozzutos,12/26oz
Full Circle Organic Marinara Sauce,Pasta Sauce,Bozzutos,12/24 oz
Classico Four Cheese Pasta Sauce,Pasta Sauce,Bozzutos,6/24
Smuckers Chunky Peanut Butter,Peanut Butter,Bozzutos,12/16
Don Enrique Dried Ancho Clile,Peppers,Bozzutos,6/2oz
Goodness Garden Dried Chile ,Peppers,Bozzutos,6/.25oz
B & G Hot Jalapeno Slices,Peppers,Bozzutos,12/12
Centos Pepperoncini ,Peppers,Bozzutos,12/12oz
Ortega Diced Green Chiles,Peppers,Bozzutos,12/4
Mt. Olive: Hot Banana Pepper Rings,Peppers,Bozzutos,12/12
DeCecco Genovese Basil Pesto,Pesto Sauce,Bozzutos,12/7
"Vlasic ,Dill Chips",Pickles,Bozzutos,
"Vlasic ,Dill Spears",Pickles,Bozzutos,6/26oz
Vlasic Whole Kosher Dills,Pickles,Bozzutos,12/32
B & G  Sweet Relish,Pickles,Bozzutos,12/10
IGA Grahm Cracker Crust,Pie Crust,Bozzutos,12/6 oz
Bob's Red Mills Gluten Free Pizza Crust Mix,Pizza Crust,Bozzutos,4/16oz
"IGA Extra Butter, Microwave Popcorn",Popcorn,Bozzutos,12/3pk
Newmans Own Sea Salt  Popcorn,Popcorn,Bozzutos,12/9.6oz
Jolly Time Popcorn,Popcorn,Bozzutos,12/2lb
"Pop Secret, Kettle Corn 3 ct",Popcorn,Bozzutos,6/7.9
Bob's White popcorn Kernels,Popcorn,Bozzutos,4/30oz
"Boom Chicka Pop, sea Salt",Popcorn,Bozzutos,12/4.8
"Boom Chicka Pop, Kettle Corn",Popcorn,Bozzutos,12/4.9
Pop-tart Frosted Blueberry,Pop Tart,Bozzutos,12/14.7
Pop-tart Frosted Srawberry,Pop Tart,Bozzutos,12/22
Gatorade Fruit Punch Powder,Powdered Drink Mix,Bozzutos,12/18.3fl
"Simply Done  8.6"" Designer Paper Plates",Plates,Bozzutos,12/45ct
"Simply Done 6.8"" Plates 48 Ct",Plates,Bozzutos,12/35
Hunt's Chocolate Pudding 4pk,Pudding,Bozzutos,12/14
Flipz :Chocolate Pretzels,Pretzels,Bozzutos,12/5
Valued Naturals Yogurt Covered Pretzel,Pretzels,Bozzutos,8/9oz
Near East Couscous,Rice,Bozzutos,12/10oz
Carolina Jasmine Rice,Rice,Bozzutos,18/32
Carolina  Basmati Rice,Rice,Bozzutos,12/32oz
Rice Select Arborio Rice,Rice,Bozzutos,4/32oz
Quaker Lightly Salted Rice Cakes,Rice Cakes,Bozzutos,6/8.5oz
"Quaker Chocolate Crunch  Rice Cake,",Rice Cakes,Bozzutos,12/7.23
Quaker Apple Cinnamon Rice cakes,Rice Cakes,Bozzutos,12/5.5
Hidden Valley Ranch Packets,Salad Dressing,Bozzutos,24/1
Brianna's Org. French Vinaigrette,Salad Dressing,Bozzutos,6/10oz
Brianna's Blush Wine Vinegarette,Salad Dressing,Bozzutos,6/12oz
Brianna's Asiago Caesar Dressing,Salad Dressing,Bozzutos,6/12oz
Pace Picante Sauce / Medium,Salsa,Bozzutos,12/16
Chi Chi's Fiesta Hot Salsa,Salsa,Bozzutos,12/16
Xochitl Roasted Verde Salsa,Salsa,Bozzutos,6/15
Herdez Guacamole SALSA,Salsa,Bozzutos,15/15.7
Old El Paso Red Enchilada Sauce,Sauce,Bozzutos,12/10oz
Diamond Seasoning Kosher Salt,Salt,Bozzutos,9/48
McCormick pink himalayan Salt Grinder,Salt,Bozzutos,6/2.5oz
Always Ultra Thin With Wings,Sanitary Napkin,Bozzutos,12/18ct
Always Panty Liners,Sanitary Napkin,Bozzutos,24/20ct
"Always Ultra Thins, heavy Overnight",Sanitary Napkin,Bozzutos,6/24
Busseto Dry salami Robusto,Sausage,Bozzutos,15/7oz
Busseto Dry salami Herb de Provence,Sausage,Bozzutos,15/8oz
Busetto Dry Gentile Salami,Sausage,Bozzutos,15/8oz
Chick-Fil-A Original sauce,Sauce,Bozzutos,12/16oz
Method  Simply Nourish Body Wash,Soap,Bozzutos,6/ cs
Suave Cocoa Butter & Shea Body Wash,Soap,Bozzutos,6/15oz
Dove Men Body  Wash,Soap,Bozzutos,6/15oz
Mrs. Meyers Lavender Hand Soap,Soap,Bozzutos,6/cs
Mrs. Meyers Basil Hand Soap,Soap,Bozzutos,6/cs
Mrs. Meyers Honeysuckle dish Soap,Soap,Bozzutos,6/cs
Mrs. Meyers Basil dish Soap,Soap,Bozzutos,6/cs
Mrs. Meyer's Multi Surface Lemon Verbana,Soap,Bozzutos,6/32oz
Campbell's Vegeterian Vegetable,Soups,Bozzutos,12/10oz
Progresso RS Chicken/Rice,Soup,Bozzutos,12/18/5
Progresso Minestrone,Soup,Bozzutos,12/19
Progresso Trad. NE Clam Chowder,Soup,Bozzutos,12/18.5
Pacific Roasted Red Pepper & Tomato Soup,Soup,Bozzutos,12/32
Ensure Vanilla drink Shake,Shake,Bozzutos,24/8oz
Scotchbrite Greener Clean Sponge  ,Sponge,Bozzutos,y
Brillo Steel Wool Pads,Scrub Pad,Bozzutos,12/10
"Nutella, Hazelnut",Spread,Bozzutos,15/13
Jiff Creamy Peanut Butter,Spread,Bozzutos,12/16oz
Divina Kalamata Olive Spread,Spread,Bozzutos,6/8.5
Simply Done Heavy Duty Plastic Cutlery ,Silverware,Bozzutos,24/24
A-1 Sauce,Steak Sauce,Bozzutos,24/5
Simply Done Double Zipper Sandwich Bag,Storage Bags,Bozzutos,12/90ct
Simply Done Quart  Bags,Storage Bags,Bozzutos,12/15ct
Simply Done Gal. Freezer Bags,Storage Bags,Bozzutos,12/19ct
Rubbermaid Takealongs Deep Square,Storage Bowls,Bozzutos,6/4ct
Bob's Organic Coconut Sugar,Sugar,Bozzutos,4/13oz
Domino Confectioners Sugar,Sugar,Bozzutos,24/16
Sugar In The Raw,Sugar,Bozzutos,12/32 oz
CRYS Maple Diet Syrup,Syrup,Bozzutos,12/12
Maple Grove Pure Maple Syrup,Syrup,Bozzutos,12/8.5
"Wholesome Sweet Agave Organic Raw , Blue",Sweetner,Bozzutos,6/23.5oz
Crosby Molasses,Sweetner,Bozzutos,12/15
Joyva Sesame Thaini,Tahini,Bozzutos,12/15
TAMPAX: Pearls Regular,Tampons,Bozzutos,12/18
TAMPAX: Pearls Super,Tampons,Bozzutos,12/18
U By Kotex Tampon Super Plus,Tampons,Bozzutos,8/16
Ortega Taco Seasoning Mix,Taco Seasoning,Bozzutos,24/1.2
Ortega Taco Shells,Taco Shells,Bozzutos,12/5.8
Celestial Seasonings Echinacea Care,Tea,Bozzutos,6/18
Celestial Seasoning Fruit Sampler,Tea,Bozzutos,6/18
Celestial Seasoning Herbal Sampler,Tea,Bozzutos,6/18
Celestial Seasoning Green Tea,Tea,Bozzutos,6/18
Celestial Seasonings Chamomile,Tea,Bozzutos,6/20
Celestial Seasonings Sleepytime,Tea,Bozzutos,6/20
Celestial Seasonings Peppermint,Tea,Bozzutos,6/20
Celestial Seasonings Lemon Zinger,Tea,Bozzutos,6/20
Celestial Seasonings Bengal Spice,Tea,Bozzutos,6/20
Celestial Seasoning Mad. Vanilla Red,Tea,Bozzutos,6/20
Twinings Earl Grey,Tea,Bozzutos,6/1.9
Twinings English Breakfast,Tea,Bozzutos,6/1.9
Twinings Chai,Tea,Bozzutos,6/1.9
Tazo Awake,Tea,Bozzutos,6/1.6
Tazo Tea Wild Sweet Orange,Tea,Bozzutos,6/20bags
Tazo Zen Tea,Tea,Bozzutos,6/20bags
Chai Roobois,Tea,Bozzutos,6/
Kleenex Pocket Pack,Tissue,Bozzutos,24/8
Kleenex ultra soft Tissue Cube,Tissue,Bozzutos,36/85ct
Toothpicks,Toothpick,Bozzutos,48/250
IGA Tomato Sauce,Tomato Sauce,Bozzutos,48/8
"Muir Glen Organic,No Salt Diced Tomatoes","Tomatoes, Canned",Bozzutos,12/14oz
Pomi Chopped Tomatoes,"Tomatoes, Canned",Bozzutos,12/26.45
Rotel Original Diced Tomatoes & Green Chiles,"Tomatoes, Canned",Bozzutos,12/10oz
IGA  Sweet Corn Niblets,"Vegetables, Canned",Bozzutos,24/8.75
Bragg's Cider Vinegar,Vinegar,Bozzutos,12/32oz
IGA Apple Cider Vinegar,Vinegar,Bozzutos,24/16
IGA White Vinegar,Vinegar,Bozzutos,24/16
Regina Red Wine Vinegar,Vinegar,Bozzutos,12/12
"San Pellegrino, ",Water,Bozzutos,12/25.3
"La Croix Sparkling water, Grapefruit",Water,Bozzutos,24/8oz
"La Croix Sparkling water,Guava",Water,Bozzutos,24/8oz
"La Croix, Passion Fruit Sparkling",Water,Bozzutos,24/8oz
"La Croix, Limoncello",Water,Bozzutos,24/8oz
"La Croix, Mango Sparkling",Water,Bozzutos,24/8oz
"Vintage, Seltzer, Plain, Can",Water,Bozzutos,12/12
"Vintage, Seltzer, Raspberry, Can",Water,Bozzutos,12/12
"Vintage, Tonic Water",Water,Bozzutos,12/33.8
"Vintage, Diet Tonic Water",Water,Bozzutos,12/33.8
Vintage Original Seltzer,Water,Bozzutos,12/33
"Vintage,Club Soda",Water,Bozzutos,12/33.8
Fever Tree Indian Tonic,Water,Bozzutos,8/150ml
"Adinondack Seltzer, Lemon Lime",Water,Bozzutos,12/33
"Adirondack Seltzer Water, Wildberry",Water,Bozzutos,12/33
"Adirondack Seltzer Water, Cranberry Lime",Water,Bozzutos,12/33
Pure Life Distilled Water,Water,Bozzutos,6/128
IGA Spring Water,Water,Bozzutos,6/128
Poland Spring Mandarin,Water,Bozzutos,24/101
Poland Spring Rasp/Lime,Water,Bozzutos,24/101
Poland Spring Wtr. Sport,Water,Bozzutos,24/24
"Clorox Cleaner Wipes,Lemon Fresh Scent",Wipes,Bozzutos,12/35ct
L&P  Worcestershire Sauce,Worcestershire Sauce,Bozzutos,12/5
Bob's Red Mill  Nutritional Yeast,Yeast,Bozzutos,4/5oz
Hershey's Special Dark Chocolate Syrup,Ice Cream Topping,Bozzutos,12/22
Hershey's Simply 5 Syrup,Ice Cream Topping,Bozzutos,12/21.8
Hershey's Hot Fudge,Ice Cream Topping,Bozzutos,12/16
Reese's Shell Top,Ice Cream Topping,Bozzutos,12/7
Smucker's Caramel,Ice Cream Topping,Bozzutos,12/20
IGA Sugar Cones  (Blue),Ice Cream Cones,Bozzutos,12/12
"Breyers Pint, Vanilla",Ice Cream,Bozzutos,8/16
"Breyers Pint, Reese's Mini Pieces",Ice Cream,Bozzutos,8/16
"Breyers Pint, Cookies & Cream",Ice Cream,Bozzutos,8/16
Halo Top ,Ice Cream,Bozzutos,8/16oz
Talenti Dairy Free: Cold Brew Coffee,Ice Cream,Bozzutos,8/16oz
So Delicious DF Dipped Bar,Ice Cream,Bozzutos,6/9.2 oz
My/Mo Mochi Ice Cream- Green tea,Ice Cream,Bozzutos,12/9.1oz
GH Klondike Org. Vanilla,Ice Cream,Bozzutos,72/cs
GH Klondike Krispy Krunch 6ct,Ice Cream,Bozzutos,72/cs
Hood Sandwich,Ice Cream,Bozzutos,96/cs
Nestle drunsticks,Ice Cream,Bozzutos,5/8pk
M&M Cookie Sandwich 6ct,Ice Cream,Bozzutos,48/cs
Snickers  Ice Cream Bar 6ct,Ice Cream,Bozzutos,72/cs
"Soy milk, All Flavors, Large","Ice Cream, Soy Delicious",Bozzutos,6 qt/cs
"Soy milk, All Flavors, Small","Ice Cream, Soy Delicious",Bozzutos,8 pt/cs
"Coconut Milk, All Flavors","Ice Cream, Soy Delicious",Bozzutos,8 pt/cs
Cashew Milk All Flavors,"Ice Cream, Soy Delicious",Bozzutos,8 pt/cs
Whole fruit Bars- Strawberry,Ice Cream,Bozzutos,12/6ct
Luigi's Italian Ice Lemon/Strawberry,Ice Cream,Bozzutos,54/cs
Luigi's Ital.Ice Mango,Ice Cream,Bozzutos,54/cs
"JD Cros. Sausage, Egg & Cheese","Breakfast, Frozen",Bozzutos,6/18
Amy's SouthwesternBurrito,"Breakfast, Frozen",Bozzutos,12/5.5
Eggo Homestyle Waffles,"Breakfast, Frozen",Bozzutos,10/12.3
Van's GF Blueberry Waffles,"Breakfast, Frozen",Bozzutos,12/9
ASB Sour Dough Bread,Bread,Bozzutos,6/24
ASB Organic Multi Grain Bread,Bread,Bozzutos,6/24
Toufayan GF Original Wraps,Bread,Bozzutos,10/11
Glutino gluten Free Multigrain Bread,Bread,Bozzutos,12/14oz
Glutino gluten Free White Bread,Bread,Bozzutos,8/12oz
Dr Schar GF Everything Bagel,Bread,Bozzutos,4/14.1 oz
GF Hamburger Buns,Bread,Bozzutos,8/10 oz
Pepperidge Farm Garlic Bread ,Bread,Bozzutos,12/10
Take & Bake French Baguette,Bread,Bozzutos,14/14oz
Soft Baked Pretzels,Bread,Bozzutos,12/13
Amy's Bean & Rice Burrito,Burrito,Bozzutos,12/6
Amy's GF Bean & Cheese Burrito,Burrito,Bozzutos,12/6
Zaro's Blackout Cake,Cakes,Bozzutos,8/13 oz
Zaro's Carrot Cake,Cakes,Bozzutos,8/15 oz
GF Chocolate Cake,Cakes,Bozzutos,12/16 oz
Perdue Organic GF Chicken Tenders,Chicken,Bozzutos,8/22 oz
Select Serving Chicken wings,Chicken,Bozzutos,14/4lbs
TGIF Buffalo Wings   ,Chicken,Bozzutos,8/10
Smart Boneless Organic Chicken Thighs,Chicken,Bozzutos,6/1.6oz
TGIFMozzarella Sticks,Cheese,Bozzutos,12/8.5
Cool Whip Non Dairy Topping,"Desert, Frozen",Bozzutos,24/8
Edward's Key Lime,"Desert, Frozen",Bozzutos,6/36
Marie Callender's Chocolate Satin Pie,"Desert, Frozen",Bozzutos,4/25.6
Mrs. Smith's Apple Pie,"Desert, Frozen",Bozzutos,6/37
Delizza Cream Puffs,"Desert, Frozen",Bozzutos,6/13.2
Pepp Farm Puff Pastry Sheets,"Desert, Frozen",Bozzutos,12/17
Pillsbury Pie Crust,"Desert, Frozen",Bozzutos,12/15
Father's Table variety Cheesecake- Large,"Desert, Frozen",Bozzutos,6/32oz
Athens Fillo Dough,"Desert, Frozen",Bozzutos,12/16oz
Healthy Choice Gen Tso's Steamer,"Entrée, Frozen",Bozzutos,8/16
Evol Portabella & Goat Cheese Ravioli,"Entrée, Frozen",Bozzutos,8/8.75
Stouffer's Mac 'n Cheese,"Entrée, Frozen",Bozzutos,12/12
State Fair Corn Dogs,"Entrée, Frozen",Bozzutos,9/32
Jose Ole Chicken Taquitos,"Entrée, Frozen",Bozzutos,8/20
TGIF Popper  Stuffed Jalapenos,"Entrée, Frozen",Bozzutos,8/8
Amy's Enchilada,"Entrée, Frozen",Bozzutos,12/9
Beyond Meat Beyond Burger,"Entrée, Frozen",Bozzutos,8/8
PF Chang Orange Chicken,"Entrée, Frozen",Bozzutos,4/22 oz
PF Chang Vegi Egg Roll,"Entrée, Frozen",Bozzutos,8/11oz
Feel Good GF Vegi Potstickers,"Entrée, Frozen",Bozzutos,9/10
Evol Bowl Fire Grilled Steak,"Entrée, Frozen",Bozzutos,12/9oz
Depalo Pepperoni & Cheese Calzone,"Entrée, Frozen",Bozzutos,12/8oz
Earthbound Organic Berry Basket,"Fruit, Frozen",Bozzutos,12/10
Wymans Sweet Cherries,"Fruit, Frozen",Bozzutos,12/12
Dole Pineapple Chunks,"Fruit, Frozen",Bozzutos,8/16
Hot Pockets  pepperoni Pizza,Hot Pocket,Bozzutos,8/9
Hot Pocket Ham & Cheddar,Hot Pocket,Bozzutos,8/9
Bacardi Strawberry Daiquiri,"Juice, Frozen",Bozzutos,12/10
Bacardi Pina Colada,"Juice, Frozen",Bozzutos,12/10
Bacardi Margarita,"Juice, Frozen",Bozzutos,12/10
Minute Maid Orange Juice Concentrate,"Juice, Frozen",Bozzutos,12/ 12
Minute Maid Limeade,"Juice, Frozen",Bozzutos,24/12
Wenner Pizza dough (cnt by case),Pizza,Bozzutos,30/16
Totino Pizza Bites,Pizza,Bozzutos,12/7.5
It'll Be Pizza GF Pizza Dough,Pizza,Bozzutos,8/8oz
Live Life On the Veg Cauliflower Pizza Crust,Pizza,Bozzutos,8/11oz
Naan Original Flat Bread,Pita,Bozzutos,18/8.8oz
Toufayan Pita Whole Wheat,Pita,Bozzutos,12/12/
Mrs.T's 4/Cheese Pierogi,Pasta,Bozzutos,12/16
Cavendish Potato Hash Browns,Potato,Bozzutos,24/21.2
Arby's curly Fries,Potato,Bozzutos,12/32
IGA French Fries,Potato,Bozzutos,12/32
Philly Gourmet 100% Beef Patties,Meat,Bozzutos,12/16
Rib Eye Steak,Meat,Bozzutos,
Bob Evans Zesty Hot Pork Sausage,Meat,Bozzutos,12/12
Shrimp 16/20,Seafood,Bozzutos,10/2lb
Sea Best Sea Scallops,Seafood,Bozzutos,12/16
Picksweet Spring Veggies,"Vegi, Frozen",Bozzutos,12/10
Picsweet Cut Okra,"Vegi, Frozen",Bozzutos,12/16
Kerry Gold Unsalted Grass Fed Butter,Butter,Bozzutos,20/8oz
Kerry Gold Salted Butter,Butter,Bozzutos,20/8oz
"Food Club: Butter, Unsalted",Butter,Bozzutos,18/16
Earth Balance Soy Free Buttery Spread,Butter,Bozzutos,6/15oz
Pillsbury Grands Faky  biscuits,Bakery,Bozzutos,12/16
Pillsbury Crescent Rolls,Bakery,Bozzutos,12/cs
Pillsbury Choc Chip Cookies,Cookies,Bozzutos,12/16
Gold's Gourmet Cocktail Sauce,Coctail Sauce,Bozzutos,12/9oz
Borden Shredded Cheddar Cheese,Cheese,Bozzutos,12/8
Borden Shredded Mozzarella Cheese,Cheese,Bozzutos,12/8
Crystal Farms String Cheese,Cheese,Bozzutos,12/12
Belgioso Gorgonzola Crumbled,Cheese,Bozzutos,12/5
Yancy's Fancy Smoked Gouda,Cheese,Bozzutos,10/7.6
BeemSter Classic 18 Month Gouda,Cheese,Bozzutos,12/6
Food Club Colby Jack Cheese Slices,Cheese,Bozzutos,12/8
LOL Sliced Provolone,Cheese,Bozzutos,12/8
LOL Swiss Cheese,Cheese,Bozzutos,12/6
Montchevrie Goat Cheese,Cheese,Bozzutos,12/4.0oz
FOH Smoked Gouda Cheese Slices,Cheese,Bozzutos,12/7oz
Sincerely Brigi Chipotle Cheddar Cheese,Cheese,Bozzutos,12/7oz
Ile De France Camembert Wheel,Cheese,Bozzutos,6/8oz
Old Croc Apple Smoked Cheddar,Cheese,Bozzutos,12/6oz
Old Croc Extra Sharp Cheddar,Cheese,Bozzutos,12/7oz
Sargento Balance Break W/Mozz & Fontina.,Cheese,Bozzutos,4.4.5oz
Emmi Plain Havarti,Cheese,Bozzutos,12/6
Cacique Queso Fresco,Cheese,Bozzutos,12/10oz
President's Brie Cheese ,Cheese,Bozzutos,6/7
Violife Vegan Mozzarella Sheds,Cheese,Bozzutos,8/8 oz
Treasure Cave Blue Cheese,Cheese,Bozzutos,12/4
Dairy Free Cream Cheese,Cream Cheese,Bozzutos,8/7.05oz
IGA Neufchatel Cheese,Cream Cheese,Bozzutos,12/8
"Coffee Mate Natural Bliss, Sweet Cream",Creamer,Bozzutos,12/16
Califia Vanilla Almond Creamer,Creamer,Bozzutos,6/25
Coffee Mate / Hazelnut,Creamer,Bozzutos,12/16
Coffee Mate / French Vanilla,Creamer,Bozzutos,12/16
Organic ValleyHalf & Half,Creamer,Bozzutos,16oz
Silk Almond Creamer,Creamer,Bozzutos,6/32oz
Hood Heavy Cream ,Cream,Bozzutos,12/16oz
Purdue Chicken SW,Deli Meat,Bozzutos,12/9
"Applegate, Sliced Salami",Deli Meat,Bozzutos,12/4oz
La Terra Fina Dip Everything But the Bagel,Dip,Bozzutos,6/12oz
Country Hens ORG Large  eggs,Eggs,Bozzutos,30/6ct
Norm's Naked Salmon,Fish,Bozzutos,24/4
Sabra Classic Guacamole,Guacamole,Bozzutos,8/8oz
Sabra Greek Olive Hummus,Hummus,Bozzutos,12/10oz
Ithaca Lemon Garlic Hummus,Hummus,Bozzutos,6/10oz
Sabra Spicy Hummus,Hummus,Bozzutos,12/10oz
Ithaca Roasted Red Pepper Hummus,Hummus,Bozzutos,6/10oz
Gold's White Horseradish Sauce,Horseradish Sauce,Bozzutos,12/6oz
Dole Orange Peach mango,"Juice, Fruit",Bozzutos,8/64
FL. Natural Orange Jce. No Pulp,"Juice, Fruit",Bozzutos,8/64
FL. Natural Orange Jce. With Pulp,"Juice, Fruit",Bozzutos,8/59
FL. Natural Grapefruit Jce. Ruby Red,"Juice, Fruit",Bozzutos,8/59oz
Kevita Kombucha Pineapple Peach,"Juice, Fruit",Bozzutos,12/15.2
Kevita Kombucha Ginger,"Juice, Fruit",Bozzutos,12/15.2
Kevita Kombucha Cherry,"Juice, Fruit",Bozzutos,12/16.0
Kevita Sparkling Raspberry Lemon,"Juice, Fruit",Bozzutos,12/15.2
Newman's Own Lemonade,Lemonade,Bozzutos,8/64
Simply Strawberry Lemonade ,Lemonade,Bozzutos,6/64oz
Simply Lemonade W/ Raspberry,Lemonade,Bozzutos,6/64
Simply Fruit Punch Juice,Lemonade,Bozzutos,6/52.0
Turkey Hill Green Tea Mango,Lemonade,Bozzutos,8/64
Turkey Hill Peach,Lemonade,Bozzutos,8/64
Premio Hot Italian Chicken Sausage,Meat,Bozzutos,9/14
Premio Hot Sausage,Meat,Bozzutos,16/16
AppleGate Turkey Bacon,Meat,Bozzutos,12/12
Beyond Meat Hot Italian Sasuage,Meat,Bozzutos,12/8oz
Johnsonville Andouille Smoked sausage,Meat,Bozzutos,10/13.5
Dietz & Watson Pepperoni,Meat,Bozzutos,12/6
Keyam Beef Hot Dogs,Meat,Bozzutos,12/
Kate's Creamy Buttermilk,Mik,Bozzutos,12/16oz
So Del. Pure Coconut Milk,Milk,Bozzutos,6/64oz
Silk Organic Soymilk,Milk,Bozzutos,6/64
Silk Cashew Milk Original,Milk,Bozzutos,6/64
Lactaid 2% Milk (Blue),Milk,Bozzutos,6/64
Fairlife Whole Milk,Milk,Bozzutos,6/52oz
Organic Valley Whole Milk,Milk,Bozzutos,12/32 oz
Silk Oat Milk Plain,Milk,Bozzutos,6/64oz
Bolthouse Farms Smoothies: C- Boost,Smoothies,Bozzutos,6/15.2
Bolthouse Farms Smoothies: Mocha Cappu.,Smoothies,Bozzutos,6/15.2
Bolthouse Farms Smoothies: Oat Milk Protien Choc/ Caramel,Smoothies,Bozzutos,6/15.3
Bolthouse Farms Smoothies:Strawberry Parfait,Smoothies,Bozzutos,6/15.2
Daisy Sour Cream,Sour Cream,Bozzutos,12/16
Daisy Light sour Cream,Sour Cream,Bozzutos,12/8
Dietz & Watso Sauerkraut,Sauerkraut,Bozzutos,12/32oz
Rojos Homestyle Salsa,Salsa,Bozzutos,12/15
Siggi's Strawberry Drinkable Yogurt,Yogurt,Bozzutos,9/8oz
Stonyfield Organic Full Fat Yogurt,Yogurt,Bozzutos,6/32oz
Chobani  Coconut,Yogurt,Bozzutos,12/6
Chobani Strawberry,Yogurt,Bozzutos,12/6
Chobani Blueberry,Yogurt,Bozzutos,12/6
Chobani Passion Fruit,Yogurt,Bozzutos,12/6
Chobani Mango Yogurt,Yogurt,Bozzutos,12/6
"Chobani, Lemon",Yogurt,Bozzutos,12/6
"Chobani, Raspberry",Yogurt,Bozzutos,12/6
Fage Plain Greek Yogurt- Large,Yogurt,Bozzutos,6/32
Chobani Vanilla Greek Yogurt- Large,Yogurt,Bozzutos,6/32oz
So Del.Unsweet Coconut Milk Yogurt Vanilla,Yogurt,Bozzutos,6/24oz
Silk Almond Milk Vanilla ,Yogurt,Bozzutos,8/cs
Kefir - Strawberry,Yogurt,Bozzutos,6/32
Kefir -Blueberry,Yogurt,Bozzutos,6/32
"Organic Kefir, Plain",Yogurt,Bozzutos,Jun-32
Reddi Whip Coconut Milk Topping,Whipped Cream,Bozzutos,6/6oz
Apples: Fuji- Organic,Produce,Bozzutos,90/cs
Apples: Gala,Produce,Bozzutos,88/cs
Apples: Granny Smith,Produce,Bozzutos,100/cs
Apples: Honey Crisp,Produce,Bozzutos,80/cs
Beans: Green Fresh,Produce,Bozzutos,6/12oz
Organic Strawberries,Produce,Bozzutos,12/8.8oz
Orange Cauliflower,Produce,Bozzutos,12ct
Carrots: Rainbow Baby- Organic,Produce,Bozzutos,12/cs
Carrots: Cello Pre-Packed- Organic,Produce,Bozzutos,10/5lb
"Celery: Pre-Packed,Organic",Produce,Bozzutos,30/ct
Chard: Organic Swiss Chard,Produce,Bozzutos,12/ct
Chard:  Swiss Chard,Produce,Bozzutos,12/ct
Cucumber: Pre-Wrapped Mini Trays-Org,Produce,Bozzutos,12/cs
Earthbound Farm Cauliflower Rice,Produce,Bozzutos,6/14oz
Figs: Dried,Produce,Bozzutos,12/cs
Grapes: Red Organic,Produce,Bozzutos,
Grapes: Green Organic,Produce,Bozzutos,
"Greens: kale, Lacinato-Organic",Produce,Bozzutos,12/cs
Greens: Power Blend Clamshell- Organic,Produce,Bozzutos,6/11oz
Green Onions,Produce,Bozzutos,48/cs
Herbs:Dill (Clamshell),Produce,Bozzutos,6/cs
Herbs:Mint (Clamshell),Produce,Bozzutos,6/cs
Herbs: Sage (Clamshell),Produce,Bozzutos,6/cs
Herbs: Tumeric Root- Packeged,Produce,Bozzutos,6/4oz
Herbs: Thyme,Produce,Bozzutos,6/.25
Herbs: Rosemary,Produce,Bozzutos,6/.25
Herbs: Oregano,Produce,Bozzutos,6/.25
Herbs: Chives,Produce,Bozzutos,6/.25oz
Herbs: Lemon Grass,Produce,Bozzutos,6/.25oz
Herbs: Bay Leaves,Produce,Bozzutos,6/.25oz
Jicama,Produce,Bozzutos,20lbs
Jackfruit Pod,Produce,Bozzutos,6/8oz
Lettuce: Butter Lettuce Bibb,Produce,Bozzutos,8/5oz
Lettuce: Escarole-organic,Produce,Bozzutos,12/cs
Lettuce: Green Leaf- Organic,Produce,Bozzutos,12/cs
Lettuce: Romaine Hearts- Organic,Produce,Bozzutos,12/cs
Lettuce: Spring Mix Clamshell-Organic,Produce,Bozzutos,8/5oz
Lettuce: Watercress,Produce,Bozzutos,12/cs
Mushroom: Shitake,Produce,Bozzutos,6/cs
Okra (seasonal),Produce,Bozzutos,12/12oz
Peas: Sugar Snap,Produce,Bozzutos,6/8oz
Peppers: Mini Sweet- Organic,Produce,Bozzutos,12/cs
Potato: Organic Sunrise Medley,Produce,Bozzutos,Jan-00
Radish: Daikon,Produce,Bozzutos,10lb
Salads: Little Leaf Southwest Kit,Produce,Bozzutos,6/cs
Salads: Little Leaf Crispy Caesar Kit,Produce,Bozzutos,6/cs
Spinach: Baby Clamshell-Organic,Produce,Bozzutos,8/5oz
Sprouts: Alfalfa,Produce,Bozzutos,6/4oz
Sprouts: Mung Beans,Produce,Bozzutos,12/7oz
Sprouts: Pea Shoots,Produce,Bozzutos,6/4oz
Sprouts: Radish,Produce,Bozzutos,6/4oz
Sprouts: Cut Wheat Grass,Produce,Bozzutos,6/5oz
Tomatoes: Yellow Cherry,Produce,Bozzutos,12/10oz
Tomatoes: Grape,Produce,Bozzutos,12/pint
Tomatoes: Medley,Produce,Bozzutos,12/8oz
"Tomatoes ,Campari ",Produce,Bozzutos,10/lb
Tomatoes: On the Vine,Produce,Bozzutos,9/cs
Yams: Japanese,Produce,Bozzutos,12/16oz
Yuca Root,Produce,Bozzutos,40lb/cs
White Frosted Cookies,Thaw & Sell ,Bozzutos,15/cs
Mini Boston Crème Donuts,Thaw & Sell ,Bozzutos,8/cs
Mini Chocolate Chip Cookies,Thaw & Sell ,Bozzutos,12/cs
Mini Blueberry Muffins,Thaw & Sell ,Bozzutos,12/cs
Butter Croissant,Thaw & Sell ,Bozzutos,12/cs
Chocolate Croissant,Thaw & Sell ,Bozzutos,6/cs
Cream Cheese Danish,Thaw & Sell ,Bozzutos,6/cs
Mini Brownies,Thaw & Sell ,Bozzutos,24/cs
Gluten Free Cookie,Thaw & Sell ,Bozzutos,12/cs
Lucky Spoon GF Brownies,Thaw & Sell ,Bozzutos,12/6.6 oz
Raspberry Rugelach,Thaw & Sell ,Bozzutos,12/ 8 oz
Gluten Free Apple Cider Mini Donuts,Thaw & Sell ,Bozzutos,18/ 6 oz
Black & White Cookies,Thaw & Sell ,Bozzutos,12/8 oz
Very Finest Fish Oil,Vitamins,Carlson's Labs,Each
Chocolate Chip,Cookies,Frito Lay,5/2.5
Fudge Cookie ,Cookies,Frito Lay,5/2.5
"Lay’s, Kettle BBQ",Chips,Frito Lay,12
"Lay’s, Kettle Original",Chips,Frito Lay,12
Lay's Kettle Salt & Vinegar,Chips,Frito Lay,12
Lay's Kettle Jalepeno,Chips,Frito Lay,12
"Sour Crean and Onion, lg",Chips,Frito Lay,6
Tostitos Blue Corn Chips,Chips,Frito Lay,6
"Tostitos, Lime ",Chips,Frito Lay,4
"Sun Chips, Original",Chips,Frito Lay,6
"Sun Chips, Black Bean Spicy",Chips,Frito Lay,7 oz
"Doritos, Cool Ranch",Chips,Frito Lay,6
"Doritos, Nacho ",Chips,Frito Lay,6
"Doritos, Dinamita, Lime 10oz",Chips,Frito Lay,6
"Doritos, Spicy Nacho",Chips,Frito Lay,6
Doritos Snack size Nacho ,Chips,Frito Lay,32
Cheetos Flamin Hot,Chips,Frito Lay,
"Cheetos,Puffs white cheese",Chips,Frito Lay,
Lay's Baked Regular,Chips,Frito Lay,32
"Ruffles, Sour Cream - Snack Size",Chips,Frito Lay,32
"Smartfood, W.C. Popcorn-Large ",Chips,Frito Lay,32
Popcorners Kettle Corn,Chips,Frito Lay,Each
Pop Corners White Cheddar,Chips,Frito Lay,Each
Pop Corners Spicy Queso,Chips,Frito Lay,Each
"Lay's Peanuts, salted",Nuts,Frito Lay,16
"Lay's Peanuts, Honey Rsted",Nuts,Frito Lay,16
"Pretzels, Regular",Pretzels,Frito Lay,12
"Salsa, Con Queso",Salsa,Frito Lay,12
"Restaurant Style Salsa,Mild",Salsa,Frito Lay,12
"Salsa, Medium",Salsa,Frito Lay,12
Primal Defense ,Vitamins,Garden Of Life,90 Caps
All Flavors,"Ice Cream, Ben & Jerry's",Gillette,8 pt/cs
All Flavors,"Ice Cream, Edy's",Gillette,
All Flavors,"Ice Cream, Haagen Daaz",Gillette,8 pt/cs
All Flavors,"Ice Cream, Talenti",Gillette,8/14oz
B&J Dixie Cups -All Flavors,Ice Cream,Gillette,12/3.6
"Haagen Daz, Vanilla milk Chocolate bar",Ice Cream,Gillette,12/3oz
Nestle Cookie & Cream Bars,Ice Cream,Gillette,24 pk
Good Humor Strawberry Shortcake,Ice Cream,Gillette,24/cs
Helados Mexico- variety,Ice Cream,Gillette,6/8oz
 Bombay Kitchen Chicken Curry With Rice,"Entrée,",Gillette,6/cs
"Supreme 12"" Oven Bake",Pizza,Gillette,12/28.3
"Three Meat 12"" Oven Bake",Pizza,Gillette,12/32.7
"California Pizza Kitchen-Thin Crust, BBQ",Pizza,Gillette,12/14oz
Freschetta Gluten Free Pepperoni Pizza,Pizza,Gillette,12/cs
"Beef: Steak, Flat Iron",Steak,Ginsberg,24/8oz
Lamb: Loin Chops,Lamb,Ginsberg,10/16oz
Lasagna Sheets,Pasta,Ginsberg,20/1lb
Rhizinate ,Vitamins,Integrative Therapeu,100 Tabs
Gaba,Vitamins,Integrative Therapeu,60 Tabs
JB Panko Bread Crumbs,Breadcrumbs,JFC, 24 pkg/cs
Glico Pocky,Cookies,JFC,12/ 10 bx/cs
Hapi Sesame Bits,Crackers,JFC,12 pkg/cs
Hapi Spicy Rice Crackers,Crackers,JFC,12 pkg/cs
Yuki no Yado Rice Crackers,Crackers,JFC,12 pkg/cs
JB Aloe Vera Drink Original,Drink,JFC,20 btl/cs
Ajinomoto Pork and Chicken Gyoza,Frozen,JFC, 20 pkg/cs
Kewpie Mayonnaise,Mayonnaise,JFC,20/cs
Maeploy Sweet Chili Sauce,Sauce,JFC,12 jar/cs
Sriracha Chili Sauce,Sauce,JFC,12 jar/cs
Megachef Fish Sauce,Sauce,JFC,12 jar/cs
San-J Thai Peanut Sauce,Sauce,JFC, 6 jar/cs
Kikkoman GF Hoisen Sauce,Sauce,JFC, 6 jar/cs
Kikkoman Green Oyster Sauce,Sauce,JFC,12 btl/cs
Kikkoman Soy Sauce,Sauce,JFC,12 jar/cs
Kikkoman Smooth Aromatic Soy Sauce,Sauce,JFC,6 jar/cs
San-J Teriyaki Sauce,Sauce,JFC, 6 jar/cs
Shirako Sugata Sushi Nori,Seaweed,JFC,2/ 40 pkg/cs
Dong Won Seasoned Korean Nori,Seaweed,JFC,24 pkg/cs
JB Sesame Seeds,Seeds,JFC,12 pkg/cs
Soon Tofu Soup  Hot,Soup,JFC,24 pkg/cs
Hon Tsuyu Soup Base,Soup,JFC,12 btl/cs
Itoen Matcha Powder,Tea,JFC,12 pkg/cs
Sun Noodle Tonkotsu Frozen Ramen,Noodles,JFC,12 pkg/cs
Nongshim Chapaghetti Noodle,Noodles,JFC,12 pkg/cs
Dynasty Rice Stick Noodles,Noodles,JFC,12 pkg/cs
Shin Black Ramen Package,Noodles,JFC, 6 pkg/cs
Sapporo Ramen Shio,Noodles,JFC,24 pkg/cs
Sapporo Ramen Miso,Noodles,JFC,24 pkg/cs
Shin Ramyun,Noodles,JFC,10 pkg/cs
Instant Tempura Udon,Noodles,JFC,12 pkg/cs
JB Frozen Udon noodles,Noodles,JFC,2/6 pkg/cs
Tamanishiki Japanese Short Grain Rice,Rice,JFC,8 pkg/cs
Kadoya Sesame Oil,Oil,JFC,20 btl/cs
Sambal Oelek Chili Paste,Paste,JFC,24 jar/cs
Hikari enjuku Koji Miso Paste,Miso,JFC,8 ctn/cs
S&B Oroshi Wasabi,Wasabi,JFC,10/ 10 tube/cs
Frozen Edamame Soy Beans,Frozen,JFC,10 pkg/cs
Chongga Kimchi,Kimchi,JFC,12 jar/cs
Mizkan Creamy Sesame Dressing ,Dressing,JFC,12 btl/cs
Mizkan Rice Vinegar,Vinegar,JFC,12 jar/cs
Mizkan Mirin,Vinegar,JFC,12 jar/cs
Karaage Fried Chicken,Frozen,JFC,24/12
Shrimp Shumai Dumpling,Frozen,JFC,20/7.93oz
Gyudon Topping,Frozen,JFC,24/6oz
Gyoza Round Wrappers,Frozen,JFC,16-Dec
Dynasty Rice Paper,Rice Paper,JFC,12 pkg/cs
Osaki Kanikama Imitation Crab Sticks,Frozen,JFC,20 pkg/cs
"Band-aids, assorted (McKesson)",Band-aids,Mckesson,Ea.
Mckesson Cold/Hot Medi Packs- Small,Pharmaceutical,Mckesson,24ea
Mckesson Cold/Hot Medi Packs -Large,Pharmaceutical,Mckesson,24ea
Tussin DM (RobitussinDM),Pharmaceutical,Mckesson,Ea.
Purell Hand Sanitizer,Pharmaceutical,Mckesson,1 oz.
Triscuit Four Cheese & Herb,Crackers,Nabisco,12/9
Triscuit Roasted Garlic ,Crackers,Nabisco,12/9 
"Triscuit, Original",Crackers,Nabisco,12/9
Wheat Thins Hint of Salt,Crackers,Nabisco,6/9
 Wheat Thins- Big,Crackers,Nabisco,9/
Wheat Thins Sun Dried Tom,Crackers,Nabisco,6/9
Ritz:Toasted Chips,Crackers,Nabisco,6/9
"Ritz/ Cheese, individual",Crackers,Nabisco,48/8pk
"Ritz/ Peanut Butter, individual",Crackers,Nabisco,48/8pk
Ritz Crackers,Crackers,Nabisco,61/12oz
Graham Crackers,Crackers,Nabisco,12/14.4
Nilla Wafer Cookies,Cookies,Nabisco,3.5oz
Chips Ahoy Original (Blue),Cookies,Nabisco,18/12oz
Chip Ahoy White Fudge Chunk ,Cookies,Nabisco,16/12oz
Oreo Original,Cookies,Nabisco,18/12oz
Oreo Thin Mints,Cookies,Nabisco,20/12oz
Gluten Free Oreo,Cookies,Nabisco,12/13.29
White Fudge Oreos( Seasonal),Cookies,Nabisco,14/12oz
"Fig Newtons, Single Serve",Cookies,Nabisco,48/2
"Nutter Butter, Single Serve ",Cookies,Nabisco,48/1.9
Acidophilus & Bifidus,Vitamins,Natural Factors,90cap
"A, 10,000 I.U., 180 sftgl/btl",Vitamins,Natural Factors,180sftg
"B complex, Hi potency 50mg",Vitamins,Natural Factors,90cap
B Stress,Vitamins,Natural Factors,90cap
"B3 - niacin, 100mg",Vitamins,Natural Factors,90tab
"B6, 100mg",Vitamins,Natural Factors,90tab
"B12, 1000mg",Vitamins,Natural Factors,90tab
"Biotin, 300 mcg",Vitamins,Natural Factors,90tab
Bilberry Extract 40mg,Vitamins,Natural Factors,60cap
"C 1000mg, Time Release",Vitamins,Natural Factors,90tab
"C Fruit chews, 500mg",Vitamins,Natural Factors,90tab
C with Rosehips,Vitamins,Natural Factors,90tab
Calcium Citrate,Vitamins,Natural Factors,90tab
Cal/Mag w/Vit D.,Vitamins,Natural Factors,90tab
Chromium GTF Chelate,Vitamins,Natural Factors,90tab
Co enzyme Q10,Vitamins,Natural Factors,60sftgl
"Cod Liver Oil, 270 I.U.",Vitamins,Natural Factors,90sftgl
Cranrich Cranberry  Extract,Vitamins,Natural Factors,90cap
"D3, 1,000 i.u.",Vitamins,Natural Factors,180tab
Echinamide Plain,Vitamins,Natural Factors,90cap
"E, 400 I.U., Mixed Toco.",Vitamins,Natural Factors,90sftgl
"Evening Primrose Oil, 500mg",Vitamins,Natural Factors,90sftgl
Eye Factors w/2 mg lutein,Vitamins,Natural Factors,90cap
"Flax Seed Oil, 1000mg",Vitamins,Natural Factors,90sftgl
Ginkgo Biloba,Vitamins,Natural Factors,60cap
GLS (glucosimine),Vitamins,Natural Factors,60cap
"Iron Chelate, 25 mg",Vitamins,Natural Factors,90tab
Lactase Enzymes,Vitamins,Natural Factors,60cap
Liquid Kelp Extract,Vitamins,Natural Factors,1.6 fl oz
Liv-Gall Cleanse,Vitamins,Natural Factors,90cap
L- Lycine,Vitamins,Natural Factors,90cap
Turmeric & Bromelain,Vitamins,Natural Factors,180 cap
Melatonin 3mg,Vitamins,Natural Factors,90tab
"MSM joint formula, 1000 mg",Vitamins,Natural Factors,180cap
Dr M. Multi Enzyme Vegetable,Vitamins,Natural Factors,90cap
Oil Of Oregano,Vitamins,Natural Factors,1/2 oz
"Oil Of Oregano, Capsules",Vitamins,Natural Factors,
"Papaya Enzyme, chewable",Vitamins,Natural Factors,60tab
"Potassium Citrate, 99mg",Vitamins,Natural Factors,90tab
Pycogenol Pine Bark,Vitamins,Natural Factors,60 cap
"Quercitin, Bioflavonoid ",Vitamins,Natural Factors,60cap
Dr  M. Rx Omega 3 Factors,Vitamins,Natural Factors,60tab
RxOmega Womens,Vitamins,Natural Factors,90cap
Sleep Relax ,Vitamins,Natural Factors,90cap
Super Mulit (Iron Free),Vitamins,Natural Factors,90tab
Saw Palmetto 160 mg ­- Men,Vitamins,Natural Factors,90sftgl
Total Body Collagen Peptides,,Natural Factors,ea
Ultimate Probiotic 12/12 formula,Vitamins,Natural Factors,60/cap
Ultra Lax,Vitamins,Natural Factors,90tab
Wild Alaskan Salmon Oil,Vitamins,Natural Factors,90sftgl
"Zinc, Chelate, 25 mg",Vitamins,Natural Factors,90tab
Women's Multistart Regular Formula,Vitamins,Natural Factors,90tab
Dr. Murray Multi Start -Men,Vitamins,Natural Factors,120tab
Dr. M Multi-start plus - Men 50+,Vitamins,Natural Factors,120 tab
WellBetX PGX+ Mulberry,Vitamins,Natural Factors,180 Cap
Chocolate- Whey Powder,Vitamins,Natural Factors,12oz
Vanilla –Whey Powder,Vitamins,Natural Factors,12oz
Whole Earth & Sea Vegan Protein Vanilla Chai,Vitamins,Natural Factors,19.22oz
Natural Clam Plain,Vitamins,Nutranext,16oz
Natural Calm Rasp/Lemon,Vitamins,Nutranext,16 oz.
"Natural Calm Multi Pack, Packets",Vitamins,Nutranext,30pks
Lens Cleaner Spray,Optical,Optical supplies,EA
Microfiber Cleaning Rags,Optical,Optical supplies,50/cs
Screwdriver Kit,Optical,Optical supplies,EA
Bordeaux,Cookies,Pepperidge Farm,
Brussels,Cookies,Pepperidge Farm,ea
Captiva (Choc Brwnie),Cookies,Pepperidge Farm,ea
Cheddar Goldfish,Crackers,Pepperidge Farm,ea
Chesapeke: Dark Choc Pecan,Cookies,Pepperidge Farm,ea
Chessmen,Cookies,Pepperidge Farm,ea
Cracker Trio,Crackers,Pepperidge Farm,ea
Double Milano Dark Chocolate,Cookies,Pepperidge Farm,ea
drk choc. Milano,Cookies,Pepperidge Farm,ea
Entertaining Chocolate Cookie Classic,Cookies,Pepperidge Farm,
Entertaining Classic Cookie Collection,Cookies,Pepperidge Farm,ea
Famhouse: Dark Chocolate Chip,Cookies,Pepperidge Farm,ea
Farmhouse: Butter Pecan,Cookies,Pepperidge Farm,ea
Farmhouse: Milk Chocolae chip,Cookies,Pepperidge Farm,Ea
Farmhouse: Tofee Chocolate,Cookies,Pepperidge Farm,EA
Maui Coconut Almond,Cookies,Pepperidge Farm,ea
Milano Chocolate Raspberry,Cookies,Pepperidge Farm,ea
Milk Chocolate Milano,Cookies,Pepperidge Farm,ea
Mint Milano,Cookies,Pepperidge Farm,ea
Montauk milk Choc ,Cookies,Pepperidge Farm,ea
Nantucket Double Chocolate,Cookies,Pepperidge Farm,ea
Ojai Lemon Sugar,Cookies,Pepperidge Farm,ea
Orange Milano,Cookies,Pepperidge Farm,ea
Pirouette Chocolate Fudge,Cookies,Pepperidge Farm,ea
Pizza Goldfish,Crackers,Pepperidge Farm,ea
Santa Cruz: Oatmeal w/ Raisins,Cookies,Pepperidge Farm,ea
Sausalito (Choc.Mac),Cookies,Pepperidge Farm,ea
Sweet & Simple: Gingerman,Cookies,Pepperidge Farm,EA
Tahoe: Chocolate Macademia,Cookies,Pepperidge Farm,ea
Verona Cookie Rasp/Aprt,Cookies,Pepperidge Farm,ea
Cold Brew Unsweet Black,Coffee,Pepsi,12/11oz
Starbucks Nitro Cold Brew Vanilla Sweet Cream,Coffee,Pepsi,15/9.5oz
"Starbucks, Frappaccino Mocha",Coffee,Pepsi,12/9.5
"Starbucks, Frappaccino Vanilla",Coffee,Pepsi,12/13.7
"Starbucks, Vanilla Large",Coffee,Pepsi,12/15
"Starbucks,Mocha Large",Coffee,Pepsi,12/15
"Starbucks, Doubleshots",Coffee,Pepsi,24/6.5
"Gatorade, 20oz Orange",Gatorade,Pepsi,24/20
"Gatorade, 20oz Fruit Punch",Gatorade,Pepsi,24/20
"Gatorade, Glacial Freeze 20oz",Gatorade,Pepsi,24/20
"Gatorade, Lemon lime 20 oz",Gatorade,Pepsi,24/20
"Gatorade,  Glacier Cherry, 28 oz",Gatorade,Pepsi,12/32
"Gatorade, Strawberry Kiwi Zero, 28oz",Gatorade,Pepsi,12/32
"Ocean Spray, Apple",Juice,Pepsi,12/15.2
"Ocean Spray, Orange",Juice,Pepsi,12/15.2
"Tropicana, Cranberry Coctail",Juice,Pepsi,12/12 oz
"Shake: Muscle Milk, non- dairy, Chocolate",Shake,Pepsi,12/14oz
Pure Leaf :Honey Green Tea,Tea,Pepsi,12/14
Schwepp’s Tonic,Water,Pepsi,15/1L
Vita Coco Coconut Water,Water,Pepsi,12/11.2 oz
"New world Breakfast Blend,Organic",Coffee,Specialty Java,5lb/bg
"Velvet Soul Organic, Light Roast",Coffee,Specialty Java,5lb/bg
Espresso Allegro Very Dark Roast,Coffee,Specialty Java,5lb/bg
Espresso Organico,Coffee,Specialty Java,5lb /bg
Kontos Pocketless Pita,Bread,Sysco,12/ct
CHIPS:  Block and Barrel,Chips,Sysco,8/16 oz
"Chips, Tortilla, round",Chips,Sysco,8/16 oz
Deep River Sweet Maui Onion 2 oz,Chips,Sysco,24/2oz
Deep River Mesquite BBQ 2 oz,Chips,Sysco,24/2oz
Deep River Zest Jalapeno 2 oz,Chips,Sysco,24/2oz
Deep River Spicy Dill Pickle 2 oz,Chips,Sysco,24/2oz
Epic Prok Rinds Sea Salt Pepper,Chips,Sysco,12/2.5oz
WHIPPED CREAM TOPPING,Cream,Sysco,12/15
EGG NOG,Milk,Sysco,12/32
Rice Krispy Treat,Rice Krispy,Sysco,12/
Beef: Sirloin Steak Strip,Steak ,Sysco,24/8oz
"Beef: steak, T bone",Steak ,Sysco,16/10
Ball Tip Steak,Steak ,Sysco,24/8
Mestemacher Bread Sunflower,Bread,Sysco,12/cs
Mestemacher Bread Rye Whole,Bread,Sysco,12/cs
Mestemacher Bread Fitness,Bread,Sysco,12/cs
Mestemacher Bread Rye Organic,Bread,Sysco,12/cs
Apricots,Produce,Sysco,
Artichoke,Produce,Sysco,
Asparagus,Produce,Sysco,
Berries: Blackberries,Produce,Sysco,12/cs
Berries: Blueberries*-use back code,Produce,Sysco,12/cs
Berries: Cranberries,Produce,Sysco,
Berries: Raspberries,Produce,Sysco,12/cs
Berries: Strawberries,Produce,Sysco,8/cs
Baby Bok Choy,Produce,Sysco,
Brussel Sprouts,Produce,Sysco,
Cabbage: Napa,Produce,Sysco,
Cabbage: Red,Produce,Sysco,
Carrots: Baby,Produce,Sysco,30/cs
Cherries-Bing (seasonal),Produce,Sysco,
Corn (Seasonal),Produce,Sysco,
Cucumbers: Hot House,Produce,Sysco,
Dates; Fresh,Produce,Sysco,
Eggplant- Large,Produce,Sysco,
Figs: Dried Kalamata,Produce,Sysco,
"Figs: Dried ,Mission",Produce,Sysco,
Figs: fresh Mission,Produce,Sysco,
Grapefruit: Ruby Red,Produce,Sysco,
Grapes: Black,Produce,Sysco,
Grapes: Green,Produce,Sysco,
Grapes: Red,Produce,Sysco,
Greens: Broccoli Rabe,Produce,Sysco,
Herbs: Dill,Produce,Sysco,
"Herbs: Mint, 1lb/box",Produce,Sysco,
Herbs: Oregano,Produce,Sysco,
Herbs: Rosemary,Produce,Sysco,
Herbs: Thyme,Produce,Sysco,
Kumquats: Fresh,Produce,Sysco,
"Leeks,12ct",Produce,Sysco,
Lettuce: Boston Bibb,Produce,Sysco,
Lettuce Radicchio,Produce,Sysco,
Mangoes,Produce,Sysco,
Mushrooms: Baby Bella,Produce,Sysco,
Mushrooms: Portabello,Produce,Sysco,
Nectarines,Produce,Sysco,
Onions: Shallots,Produce,Sysco,
Onions: vidalia-Sweet,Produce,Sysco,
Clementines,Produce,Sysco,
"Oranges: Navel, Large",Produce,Sysco,
Oranges: Valencia,Produce,Sysco,
Papayas: Maradol,Produce,Sysco,
Parsnips,Produce,Sysco,
Peaches,Produce,Sysco,
Pears: Asian,Produce,Sysco,
Pears:Bosc,Produce,Sysco,
Pears: Red Bartlett,Produce,Sysco,
Peas: Snow,Produce,Sysco,
Peppers: Orange,Produce,Sysco,
Peppers: Yellow,Produce,Sysco,
Peppers: Habanero,Produce,Sysco,
Peppers: Poblano,Produce,Sysco,
Peppers: Serrano,Produce,Sysco,
Persimmons,Produce,Sysco,
Pinapple: gold,Produce,Sysco,
Plums: Black,Produce,Sysco,
Plums: Red,Produce,Sysco,
Pomegranate,Produce,Sysco,
"Potatoes: Red, Size A",Produce,Sysco,
Radishes,Produce,Sysco,
Rutabaga,Produce,Sysco,
Squash: Acorn,Produce,Sysco,
Squash: Butternut,Produce,Sysco,
Squash: Spaghetti,Produce,Sysco,
Tomatillo,Produce,Sysco,
Tomatoes: Sundried-Julenne,Produce,Sysco,
Turnips,Produce,Sysco,
 Yams: Japanese Sweet Potatoes,Produce,Sysco,40lb
Lily of the Desert Aloe Vera Gel Inner Fillet,Aloe Gel,Threshold,1/16oz
Zint Organic Cacao Powder 1 lb.,Cacao Powder,Threshold,1 lb.
Nat. Alchemy Citronella,Essential Oil,Threshold,1oz
Nat. Alchemy Eucalyptus,Essential Oil,Threshold,1oz
Nat.Alchemy Grapefruit ,Essential Oil,Threshold,1oz
Nat. Alchemy Lavender,Essential Oil,Threshold,1oz
Nat. Alchemy Lemon,Essential Oil,Threshold,1oz
Nat. Alchemy Lemongrass,Essential Oil,Threshold,1oz
Nat. Alchemy Orange,Essential Oil,Threshold,1oz
Nat. Alchemy Peppermint,Essential Oil,Threshold,1oz
Nat. Alchemy Rosemary,Essential Oil,Threshold,1oz
Nat. Alchemy Tea Tree,Essential Oil,Threshold,1oz
Bull Dog Face Scrub For Men,Facial Care,Threshold,4.2fl
Dessert Essence Facial Moisturizer,Facial Care,Threshold,
Desert Essence Lip Rescue Ultra Hydrating with Shea Butter,Facial Care,Threshold,24/cs
Soothing Touch Unsented Lip Balm,Facial Care,Threshold,
Quantum Super Lysine + Cold Sore Treatment ,Facial Care,Threshold,1ct
Prince of Peace Ginger Chews Original,Ginger Chews,Threshold,Ea
Alba Botanica Sensitive Skin Body Lotion Unscented ,Lotion,Threshold,32 oz
Queen Helen Cocoa Butter Lotion,Lotion,Threshold,
Aura Cacia Skin Care Oil Sweet Almond,Oil,Threshold,4oz
Jason Vitamin E Skin Oil -- 5000 IU ,Oil,Threshold,4 oz.
Boiron Arnicare Gel ,Pain Relief,Threshold,ea
Alba Broad Spectrum SPF 50 Sunscreen Lotion ,Skin Care,Threshold,3 oz
Auromere  Bar Soap Lavender Neem ,Soap,Threshold,2.75 oz
Clearly Natural Essentials Glycerin Bar Soap Aloe Vera,Soap,Threshold,4 oz.
Clearly Natural Essentials Glycerin Bar Soap Honeysuckle,Soap,Threshold,4 oz.
Dr. Bronner's All-One Pure-Castile Bar Soap Hemp Peppermint,Soap,Threshold,5 oz
Dr. Woods Naturally Castile Soap Peppermint,Soap,Threshold,16 oz
Nubian Heritage Bar Soap Raw Shea & Myrrh,Soap,Threshold,5 oz
Nubian Heritage Bar Soap Lemongrass & Tea Tree ,Soap,Threshold,5 oz
Bach Rescue Remedy Natural Stress Relief ,Supplement,Threshold,Each
Boiron Oscillococcinum 30 Dose,Supplement,Threshold,30ds/cs
Nature's Way Ginger Root ,Supplement,Threshold,240 Cap
Nature's Way Red Yeast Rice,Supplement,Threshold,120 tab
Nature's Way Garlic Bulb ,Supplement,Threshold,100/sgl
Nature's Way Alive! Max3 Potency ,Supplement,Threshold,90 tab
Nature's Way Valerian Root,Supplement,Threshold,100 Tabs
Nature's Way Vitex Fruit  400 mg,Supplement,Threshold,100/400mg
Nature's Way St John's Wort Herb,Supplement,Threshold,100 cap
Yerba Prima Psyllium Whole Husks,Supplement,Threshold,ea
Traditional Medicine Roasted dandelion,Tea,Threshold,Ea
"Trad.Med, Ginger Aid",Tea,Threshold,Ea
"Trad. Med, Throat Coat Tea",Tea,Threshold,Ea
"Trad. Med, Smooth Move",Tea,Threshold,EA
Traditional Medicinals Herbal Tea Organic Raspberry Leaf,Tea,Threshold,EA
Traditional Medicinals Herbal Tea Organic Hibiscus ,Tea,Threshold,EA
Dr Bronner's All-One Toothpaste; Peppermint,Tooth Paste,Threshold,Ea
Vitamin D3 5000IU,Vitamins,Threshold,240 Caps
"Acetyl L-Carnitine & Alpha Liopic Acid,500/150mg ",Vitamins,Threshold,60 Tabs
Coffee Bags,Coffee Bags,Uline,250/cs
Every Man Jack Beard Butter - Sandalwood ,Beard Care,Vitacost,1/4 oz
Every Man Jack Beard Oil - Sandalwood,Beard Care,Vitacost,1/1 oz
Every Man Jack Beard + Face Wash - Sandalwood,Beard Care,Vitacost,1/6.7 oz
Fishermans Friend Cough Lozenges Sugar Free Honey Lemon ,Cough drops,Vitacost,40 Lozenges
Emergen-C Immune Plus  Super Orange ,Cold Care,Vitacost,30/pkt
Emergen-C Vitamin C Fizzy Drink Mix Raspberry ,Cold Care,Vitacost,30/pkt
Emergen-C Vitamin C Fizzy Drink Mix Super Orange,Cold Care,Vitacost,30/pkt
Emergen-C Vitamin C Fizzy Drink Mix Strawberry Kiwi ,Cold Care,Vitacost,30/pkt
Clif Bar Organic BLOKS Energy Chews Strawberry ,Energy Chew,Vitacost,18/cs
Acure Dry Shampoo Rosemary & Peppermint -- 1.7 oz,Hair Care,Vitacost,1.7 oz
Acure Curiously Clarifying Shampoo Lemongrass,Hair Care,Vitacost,8 oz
Giovanni 2 Chic Keratin & Argan Styling Mist,Hair Care,Vitacost,ea
Giovanni Smooth As Silk Deep Moisture Shampoo,Hair Care,Vitacost,8.5 oz
Giovanni Root 66 Max Volume Shampoo ,Hair Care,Vitacost,8.5 oz
Giovanni Root 66 Max Volume Conditioner ,Hair Care,Vitacost,8.5 oz
Giovanni Direct Leave-In Weightless Moisture Conditioner,Hair Care,Vitacost,8.5 oz
Giovanni L.A. Natural Styling Gel Strong Hold,Hair Care,Vitacost,1/6.8oz
Giovanni 2 Chic Brazilian Shampoo,Hair Care,Vitacost,8.5 oz
Giovanni 2 Chic Brazilian Conditioner,Hair Care,Vitacost,8.5 oz
Jason Purifying Tea Tree Conditioner ,Hair Care,Vitacost,12 oz
Jason Purifying Tea Tree Shampoo ,Hair Care,Vitacost,12 oz
Panda Black Licorice Chews Bags,Licorice,Vitacost,
MotionEaze Motion Sickness Relief,Motion sickness relief,Vitacost,
Acure Radically Rejuvenating SPF 30 Day Cream,Skin Care,Vitacost,1.7 oz
Acure Brightening Cleansing Gel,Skin Care,Vitacost,6oz
Herb Pharm Echinacea Immune Support Alcohol Free ,Supplement,Vitacost,1 oz
NUUN Sport Hydration Single Tube Tri-Berry,Supplement,Vitacost,8/10tabs
"Ak Mak, Rounds",Crackers,Warehouse,12/17.5
"Ak Mak, Whole Wheat Crakers",Crackers,Warehouse,12/4.15
Wee Bee Honey,Honey,Warehouse,12/1lb
"Pecan: Shelled,Raw",Nuts,Warehouse,30/1lb